timestamp,status,code,ms
2026-10-02T03:30:10Z,up,200,640
2026-10-02T04:00:10Z,up,200,537
2026-10-02T04:30:11Z,up,200,599
2026-10-02T05:00:11Z,up,200,696
2026-10-02T05:30:11Z,up,200,783
2026-10-02T06:00:11Z,up,200,582
2026-10-02T06:30:10Z,up,200,676
2026-10-02T06:50:36Z,up,200,780
2026-10-02T07:00:10Z,up,200,609
2026-10-02T07:30:11Z,up,200,658
2026-10-02T08:00:12Z,up,200,601
2026-10-02T08:30:11Z,up,200,682
2026-10-02T09:00:11Z,up,200,2088
2026-10-02T09:30:10Z,up,200,790
2026-10-02T10:00:13Z,up,200,551
2026-10-02T10:30:11Z,up,200,579
2026-10-02T11:00:14Z,up,200,494
2026-10-02T11:30:10Z,up,200,533
2026-10-02T12:00:13Z,up,200,524
2026-10-02T12:30:13Z,up,200,610
2026-10-02T13:00:10Z,up,200,547
2026-10-02T13:18:32Z,up,200,584
2026-10-02T13:30:11Z,up,200,476
2026-10-02T14:00:14Z,up,200,709
2026-10-02T14:30:14Z,up,200,601
2026-10-02T15:00:15Z,up,200,806
2026-10-02T15:30:12Z,up,200,786
2026-10-02T16:00:46Z,up,200,676
2026-10-02T16:30:47Z,up,200,622
2026-10-02T17:00:12Z,up,200,614
2026-10-02T17:30:12Z,up,200,740
2026-10-02T18:00:12Z,up,200,640
2026-10-02T18:30:10Z,up,200,849
2026-10-02T18:32:26Z,up,200,863
2026-10-02T19:00:11Z,up,200,518
2026-10-02T19:30:14Z,up,200,835
2026-10-02T20:00:11Z,up,200,807
2026-10-02T20:30:15Z,up,200,599
2026-10-02T21:00:12Z,up,200,694
2026-10-02T21:30:10Z,up,200,758
2026-10-02T22:00:13Z,up,200,794
2026-10-02T22:30:15Z,up,200,1603
2026-10-02T22:31:17Z,up,200,701
2026-10-02T23:00:11Z,up,200,529
2026-10-02T23:30:14Z,up,200,781
2026-10-03T00:00:10Z,up,200,676
2026-10-03T00:30:11Z,up,200,499
2026-10-03T01:00:12Z,up,200,522
2026-10-03T01:23:12Z,up,200,773
2026-10-03T01:30:10Z,up,200,749
2026-10-03T02:00:10Z,up,200,495
2026-10-03T02:30:09Z,up,200,571
2026-10-03T03:00:12Z,up,200,654
2026-10-03T03:30:10Z,up,200,752
2026-10-03T04:00:12Z,up,200,644
2026-10-03T04:30:11Z,up,200,843
2026-10-03T05:00:20Z,up,200,938
2026-10-03T05:30:10Z,up,200,672
2026-10-03T06:00:12Z,up,200,780
2026-10-03T06:30:10Z,up,200,523
2026-10-03T06:48:12Z,up,200,596
2026-10-03T07:00:10Z,up,200,455
2026-10-03T07:30:09Z,up,200,636
2026-10-03T08:00:11Z,up,200,862
2026-10-03T08:30:10Z,up,200,616
2026-10-03T09:00:10Z,up,200,735
2026-10-03T09:30:10Z,up,200,667
2026-10-03T10:00:11Z,up,200,547
2026-10-03T10:30:10Z,up,200,557
2026-10-03T11:00:10Z,up,200,787
2026-10-03T11:30:16Z,up,200,618
2026-10-03T12:00:10Z,up,200,722
2026-10-03T12:05:59Z,up,200,833
2026-10-03T12:30:09Z,up,200,738
2026-10-03T13:00:10Z,up,200,728
2026-10-03T13:30:09Z,up,200,419
2026-10-03T14:00:09Z,up,200,499
2026-10-03T14:30:11Z,up,200,736
2026-10-03T15:00:10Z,up,200,612
2026-10-03T15:30:12Z,up,200,723
2026-10-03T16:00:11Z,up,200,802
2026-10-03T16:13:32Z,up,200,696
2026-10-03T16:30:10Z,up,200,707
2026-10-03T17:00:11Z,up,200,696
2026-10-03T17:30:11Z,up,200,683
2026-10-03T18:00:09Z,up,200,513
2026-10-03T18:30:28Z,up,200,536
2026-10-03T19:00:10Z,up,200,605
2026-10-03T19:16:04Z,up,200,525
2026-10-03T19:30:11Z,up,200,769
2026-10-03T20:00:09Z,up,200,707
2026-10-03T20:30:09Z,up,200,783
2026-10-03T21:00:11Z,up,200,818
2026-10-03T21:30:10Z,up,200,796
2026-10-03T22:00:11Z,up,200,743
2026-10-03T22:12:14Z,up,200,482
2026-10-03T22:30:10Z,up,200,785
2026-10-03T23:00:11Z,up,200,722
2026-10-03T23:30:14Z,up,200,646
2026-10-04T00:00:11Z,up,200,727
2026-10-04T00:30:14Z,up,200,795
2026-10-04T00:41:01Z,up,200,535
2026-10-04T01:00:10Z,up,200,741
2026-10-04T01:30:10Z,up,200,710
2026-10-04T02:00:12Z,up,200,811
2026-10-04T02:30:11Z,up,200,607
2026-10-04T03:00:09Z,up,200,741
2026-10-04T03:30:10Z,up,200,655
2026-10-04T04:00:13Z,up,200,516
2026-10-04T04:30:09Z,up,200,743
2026-10-04T05:00:10Z,up,200,723
2026-10-04T05:30:13Z,down,0,0
2026-10-04T06:00:08Z,up,200,571
2026-10-04T06:23:09Z,up,200,729
2026-10-04T06:30:12Z,up,200,742
2026-10-04T07:00:12Z,up,200,736
2026-10-04T07:30:11Z,up,200,787
2026-10-04T08:00:13Z,up,200,809
2026-10-04T08:30:11Z,up,200,747
2026-10-04T09:00:46Z,up,200,685
2026-10-04T09:30:09Z,up,200,616
2026-10-04T10:00:09Z,up,200,614
2026-10-04T10:30:10Z,up,200,681
2026-10-04T11:00:10Z,up,200,586
2026-10-04T11:30:09Z,up,200,499
2026-10-04T12:00:11Z,up,200,874
2026-10-04T12:30:12Z,up,200,1105
2026-10-04T12:41:42Z,up,200,744
2026-10-04T13:00:13Z,up,200,657
2026-10-04T13:30:09Z,up,200,512
2026-10-04T14:00:12Z,up,200,763
2026-10-04T14:30:10Z,up,200,795
2026-10-04T15:00:09Z,up,200,536
2026-10-04T15:30:12Z,up,200,644
2026-10-04T16:00:10Z,up,200,699
2026-10-04T16:30:12Z,up,200,514
2026-10-04T17:00:12Z,up,200,672
2026-10-04T17:03:17Z,up,200,596
2026-10-04T17:30:09Z,up,200,542
2026-10-04T18:00:10Z,up,200,831
2026-10-04T18:30:09Z,up,200,646
2026-10-04T19:00:09Z,up,200,497
2026-10-04T19:30:13Z,up,200,665
2026-10-04T20:00:10Z,up,200,641
2026-10-04T20:06:47Z,up,200,544
2026-10-04T20:30:10Z,up,200,693
2026-10-04T21:00:09Z,up,200,649
2026-10-04T21:30:08Z,up,200,729
2026-10-04T22:00:10Z,up,200,751
2026-10-04T22:30:10Z,up,200,506
2026-10-04T23:00:11Z,up,200,596
2026-10-04T23:06:09Z,up,200,711
2026-10-04T23:30:10Z,up,200,641
2026-10-05T00:00:11Z,up,200,657
2026-10-05T00:30:10Z,up,200,698
2026-10-05T01:00:09Z,up,200,830
2026-10-05T01:30:11Z,up,200,631
2026-10-05T01:56:49Z,up,200,724
2026-10-05T02:00:12Z,up,200,613
2026-10-05T02:30:10Z,up,200,691
2026-10-05T03:00:09Z,down,0,0
2026-10-05T03:30:11Z,up,200,568
2026-10-05T04:00:11Z,up,200,715
2026-10-05T04:30:12Z,up,200,805
2026-10-05T05:00:11Z,up,200,463
2026-10-05T05:30:12Z,up,200,816
2026-10-05T06:00:11Z,up,200,748
2026-10-05T06:30:11Z,up,200,607
2026-10-05T07:00:11Z,up,200,493
2026-10-05T07:30:16Z,up,200,759
2026-10-05T08:00:12Z,up,200,508
2026-10-05T08:30:12Z,up,200,943
2026-10-05T08:44:26Z,up,200,702
2026-10-05T09:00:15Z,up,200,786
2026-10-05T09:30:13Z,up,200,847
2026-10-05T10:00:13Z,up,200,804
2026-10-05T10:30:12Z,up,200,805
2026-10-05T11:00:12Z,up,200,766
2026-10-05T11:30:10Z,up,200,672
2026-10-05T12:00:11Z,up,200,732
2026-10-05T12:30:11Z,up,200,611
2026-10-05T13:00:11Z,up,200,720
2026-10-05T13:30:14Z,up,200,684
2026-10-05T14:00:13Z,up,200,531
2026-10-05T14:30:12Z,up,200,547
2026-10-05T15:00:14Z,up,200,634
2026-10-05T15:30:10Z,up,200,688
2026-10-05T16:00:11Z,up,200,640
2026-10-05T16:30:13Z,up,200,692
2026-10-05T17:00:11Z,up,200,730
2026-10-05T17:26:53Z,up,200,802
2026-10-05T17:30:11Z,up,200,662
2026-10-05T18:00:11Z,up,200,718
2026-10-05T18:30:10Z,up,200,714
2026-10-05T19:00:14Z,up,200,691
2026-10-05T19:30:51Z,up,200,632
2026-10-05T21:00:24Z,up,200,925
2026-10-05T21:30:17Z,up,200,790
2026-10-05T22:00:11Z,up,200,809
2026-10-05T22:30:13Z,up,200,800
2026-10-05T23:00:11Z,up,200,576
2026-10-05T23:18:30Z,up,200,760
2026-10-05T23:30:12Z,up,200,709
2026-10-06T00:00:12Z,up,200,770
2026-10-06T00:30:14Z,up,200,1064
2026-10-06T01:00:13Z,up,200,856
2026-10-06T01:30:11Z,up,200,1656
2026-10-06T02:00:14Z,down,0,0
2026-10-06T02:30:13Z,up,200,514
2026-10-06T03:00:11Z,up,200,617
2026-10-06T03:08:19Z,up,200,616
2026-10-06T03:30:11Z,up,200,674
2026-10-06T04:00:09Z,up,200,732
2026-10-06T04:30:09Z,up,200,579
2026-10-06T05:00:12Z,up,200,830
2026-10-06T05:30:11Z,up,200,783
2026-10-06T06:00:11Z,up,200,689
2026-10-06T06:30:11Z,up,200,467
2026-10-06T07:00:11Z,up,200,821
2026-10-06T07:30:10Z,up,200,633
2026-10-06T08:00:11Z,up,200,612
2026-10-06T08:30:13Z,up,200,810
2026-10-06T09:00:11Z,up,200,536
2026-10-06T09:30:11Z,up,200,679
2026-10-06T10:00:11Z,up,200,708
2026-10-06T10:15:13Z,up,200,610
2026-10-06T10:30:11Z,up,200,513
2026-10-06T11:00:12Z,up,200,728
2026-10-06T11:30:14Z,up,200,700
2026-10-06T12:00:10Z,up,200,707
2026-10-06T12:30:12Z,up,200,766
2026-10-06T13:00:11Z,up,200,759
2026-10-06T13:30:10Z,up,200,714
2026-10-06T14:00:16Z,up,200,779
2026-10-06T14:30:11Z,up,200,672
2026-10-06T15:00:12Z,up,200,623
2026-10-06T15:30:14Z,up,200,706
2026-10-06T16:00:17Z,up,200,781
2026-10-06T16:30:11Z,up,200,694
2026-10-06T16:51:05Z,up,200,764
2026-10-06T17:00:12Z,up,200,672
2026-10-06T17:30:13Z,up,200,644
2026-10-06T18:00:12Z,up,200,766
2026-10-06T18:30:13Z,up,200,763
2026-10-06T19:00:10Z,up,200,759
2026-10-06T19:30:10Z,up,200,686
2026-10-06T20:00:11Z,up,200,577
2026-10-06T20:30:16Z,up,200,705
2026-10-06T21:00:11Z,up,200,716
2026-10-06T21:23:15Z,up,200,838
2026-10-06T21:30:11Z,up,200,793
2026-10-06T22:00:10Z,up,200,580
2026-10-06T22:30:12Z,up,200,831
2026-10-06T23:00:09Z,up,200,550
2026-10-06T23:30:11Z,up,200,768
2026-10-07T00:00:13Z,up,200,789
2026-10-07T00:30:10Z,up,200,685
2026-10-07T00:53:28Z,up,200,1122
2026-10-07T01:00:12Z,up,200,731
2026-10-07T01:30:10Z,up,200,525
2026-10-07T02:00:49Z,up,200,775
2026-10-07T02:30:13Z,up,200,621
2026-10-07T03:00:11Z,up,200,1080
2026-10-07T03:30:12Z,up,200,726
2026-10-07T04:00:15Z,up,200,850
2026-10-07T04:30:10Z,up,200,521
2026-10-07T05:00:13Z,up,200,731
2026-10-07T05:30:11Z,up,200,571
2026-10-07T06:00:11Z,up,200,901
2026-10-07T06:30:09Z,up,200,694
2026-10-07T06:49:24Z,up,200,874
2026-10-07T07:00:10Z,up,200,675
2026-10-07T07:30:10Z,up,200,709
2026-10-07T08:00:11Z,up,200,700
2026-10-07T08:30:10Z,up,200,724
2026-10-07T09:00:10Z,up,200,623
2026-10-07T09:30:10Z,up,200,757
2026-10-07T10:00:11Z,up,200,653
2026-10-07T10:30:11Z,up,200,902
2026-10-07T11:00:11Z,up,200,865
2026-10-07T11:30:12Z,up,200,888
2026-10-07T12:00:14Z,up,200,533
2026-10-07T12:30:11Z,up,200,669
2026-10-07T13:00:15Z,up,200,663
2026-10-07T13:30:09Z,up,200,469
2026-10-07T14:00:42Z,up,200,694
2026-10-07T14:00:57Z,up,200,782
2026-10-07T14:30:11Z,up,200,714
2026-10-07T15:00:18Z,up,200,746
2026-10-07T15:30:11Z,up,200,701
2026-10-07T16:00:11Z,up,200,672
2026-10-07T16:30:10Z,up,200,650
2026-10-07T17:30:10Z,up,200,530
2026-10-07T18:00:11Z,up,200,747
2026-10-07T18:30:11Z,up,200,427
2026-10-07T19:00:11Z,up,200,723
2026-10-07T19:30:13Z,up,200,646
2026-10-07T19:53:36Z,up,200,1205
2026-10-07T20:00:12Z,up,200,654
2026-10-07T20:30:11Z,up,200,626
2026-10-07T21:00:12Z,up,200,756
2026-10-07T21:30:11Z,up,200,773
2026-10-07T22:00:12Z,up,200,759
2026-10-07T22:30:10Z,up,200,699
2026-10-07T23:00:11Z,up,200,672
2026-10-07T23:30:10Z,up,200,824
2026-10-07T23:59:41Z,up,200,822
2026-10-08T00:00:09Z,up,200,702
2026-10-08T00:30:11Z,up,200,725
2026-10-08T01:00:14Z,up,200,763
2026-10-08T01:30:11Z,up,200,853
2026-10-08T02:00:11Z,up,200,824
2026-10-08T02:30:12Z,up,200,692
2026-10-08T03:00:09Z,up,200,794
2026-10-08T03:30:10Z,up,200,680
2026-10-08T04:00:12Z,up,200,621
2026-10-08T04:30:11Z,up,200,728
2026-10-08T05:00:12Z,up,200,866
2026-10-08T05:30:12Z,up,200,1095
2026-10-08T05:51:07Z,up,200,507
2026-10-08T06:00:11Z,up,200,785
2026-10-08T06:30:12Z,up,200,1138
2026-10-08T07:00:12Z,up,200,862
2026-10-08T07:30:12Z,up,200,747
2026-10-08T08:00:10Z,up,200,754
2026-10-08T08:30:11Z,up,200,723
2026-10-08T09:00:13Z,up,200,700
2026-10-08T09:30:13Z,up,200,733
2026-10-08T10:00:11Z,up,200,867
2026-10-08T10:30:10Z,up,200,762
2026-10-08T11:00:13Z,up,200,751
2026-10-08T11:30:10Z,up,200,653
2026-10-08T12:00:10Z,up,200,542
2026-10-08T12:28:07Z,up,200,693
2026-10-08T12:30:09Z,up,200,592
2026-10-08T13:00:12Z,up,200,515
2026-10-08T13:30:22Z,up,200,805
2026-10-08T14:00:11Z,up,200,744
2026-10-08T14:30:12Z,up,200,797
2026-10-08T15:00:12Z,up,200,809
2026-10-08T15:30:13Z,up,200,666
2026-10-08T16:00:14Z,up,200,735
2026-10-08T16:30:11Z,up,200,864
2026-10-08T17:00:12Z,up,200,699
2026-10-08T17:30:11Z,up,200,792
2026-10-08T18:00:11Z,up,200,564
2026-10-08T18:30:16Z,up,200,528
2026-10-08T18:58:48Z,up,200,533
2026-10-08T19:00:11Z,up,200,629
2026-10-08T19:30:11Z,up,200,619
2026-10-08T20:00:11Z,up,200,670
2026-10-08T20:30:11Z,up,200,920
2026-10-08T21:00:10Z,up,200,568
2026-10-08T21:30:12Z,up,200,943
2026-10-08T22:00:12Z,up,200,785
2026-10-08T22:30:10Z,up,200,842
2026-10-08T23:00:11Z,up,200,681
2026-10-08T23:30:14Z,up,200,792
2026-10-08T23:42:52Z,up,200,646
2026-10-09T00:00:10Z,up,200,647
2026-10-09T00:30:14Z,up,200,804
2026-10-09T01:00:14Z,up,200,818
2026-10-09T01:30:09Z,up,200,482
2026-10-09T02:00:10Z,up,200,506
2026-10-09T02:30:10Z,up,200,801
2026-10-09T03:00:11Z,up,200,588
2026-10-09T03:06:33Z,up,200,636
