date,checks,up,degraded,down,avg,min,max
2026-09-12,18,18,0,0,267,141,373
2026-09-13,23,23,0,0,859,249,4195
2026-09-14,3,3,0,0,1915,581,4561
2026-09-15,15,15,0,0,871,354,2613
2026-09-16,6,6,0,0,557,503,635
2026-09-17,9,9,0,0,528,334,872
2026-09-18,7,7,0,0,469,294,587
2026-09-19,8,8,0,0,481,312,663
2026-09-20,7,7,0,0,463,276,651
2026-09-21,53,53,0,0,490,178,839
2026-09-22,54,54,0,0,462,211,765
2026-09-23,54,54,0,0,476,207,739
2026-09-24,54,54,0,0,508,126,1947
2026-09-25,25,25,0,0,573,217,2365
2026-09-26,10,10,0,0,402,233,544
2026-09-27,54,54,0,0,400,206,668
2026-09-28,52,52,0,0,444,217,608
2026-09-29,53,53,0,0,499,129,755
2026-09-30,51,51,0,0,466,194,834
2026-10-01,37,36,0,1,445,167,597
2026-10-02,53,53,0,0,507,224,2803
2026-10-03,54,54,0,0,473,239,709
2026-10-04,54,53,0,1,467,233,694
2026-10-05,50,49,0,1,514,215,736
2026-10-06,6,4,0,2,609,374,1034
